,id,sudden_fever,headache,mouth_bleed,nose_bleed,muscle_pain,joint_pain,vomiting,rash,diarrhea,hypotension,pleural_effusion,ascites,gastro_bleeding,swelling,nausea,chills,myalgia,digestion_trouble,fatigue,skin_lesions,stomach_pain,orbital_pain,neck_pain,weakness,back_pain,weight_loss,gum_bleed,jaundice,coma,diziness,inflammation,red_eyes,loss_of_appetite,urination_loss,slow_heart_rate,abdominal_pain,light_sensitivity,yellow_skin,yellow_eyes,facial_distortion,microcephaly,rigor,bitter_tongue,convulsion,anemia,cocacola_urine,hypoglycemia,prostraction,hyperpyrexia,stiff_neck,irritability,confusion,tremor,paralysis,lymph_swells,breathing_restriction,toe_inflammation,finger_inflammation,lips_irritation,itchiness,ulcers,toenail_loss,speech_problem,bullseye_rash
id,,0.019627109245627803,0.03978702676768751,0.04976912210028258,0.04634940757024503,-0.011303463081782284,0.01021144629576878,-0.030217163850689534,-0.015084700998033454,-0.005824549282543119,0.024304011530890412,0.056372329144338235,0.02922792501847452,0.012887948587153262,0.06953326345692777,-0.02829804690155248,0.009485795884856497,-0.01470460836895559,0.01182211512612718,-0.0681719050405683,0.017415954279335576,-0.06998318336661294,-0.0019713852897031135,-0.03634795966482756,-0.06293450758314682,-0.07151410021541622,0.08366237127222305,-0.05311842504185308,-0.04097975407104012,0.019319028174077955,-0.02610783761944066,0.08082678721494349,-0.006079956340374445,-0.026657822939234185,-0.0298681321393284,0.04904021465579062,-0.013982800202137472,-0.10523718851056939,0.02930578833350321,0.02329654886264597,0.10494011762446036,0.062645958617197,0.046441856211351135,-0.029498011403454094,0.0355093538904359,-0.046598296108811464,-0.04658616732841867,0.00435521504386672,0.0682350111983187,0.05304693464103062,0.08792264821557944,0.053278062315932705,0.018965122117308487,0.04734217211145553,0.042100395005403315,0.02714750144480008,0.061182995415633844,0.09093534234043757,0.058098317871087095,0.06008150571498819,0.021398467430946838,0.009625287101711665,0.006626996740222982,0.001953213328154099,0.007583481269715127
sudden_fever,0.019627109245627803,,0.1243973383023556,0.03604909960338599,0.09779624589757718,0.1794989153079693,0.1698901189462275,0.06208145287964137,0.17702905607145134,0.1277158421312768,0.1912172503032472,0.11671588995813521,0.16999237534826026,0.13902161083022918,0.07856822169664421,0.11109368723171238,0.1823948800167823,0.08904401337108164,0.0615960574649143,0.07379788368575232,0.16134728186673777,0.12381951569724775,0.11811872144551443,0.10020839622845745,0.11192730533603718,0.10452013205824044,0.10807952488197715,0.09074438749772261,0.10719503176870294,0.07512070995163289,0.09189225151257302,-0.01084783561231552,0.09377999810359475,0.024909239030011132,0.07321796007799947,0.08639334961050849,0.05327968763342725,0.049812614477903513,0.08658644589690707,0.039359914842492336,0.0792612085009077,0.04329206152901135,0.14090669829888872,0.14827069809234564,0.17871205645583854,0.1456053323703881,0.15527302387887285,0.16377424660550116,0.16143097650075022,0.05498677128042678,0.06839087347200624,0.06075442987841352,0.052336598060279634,0.014045363542117141,0.03058592466440608,0.04079964153255839,0.06910311097997576,0.050102830714689794,0.09220123450707222,0.06890399888603337,,,,0.05451375830377028,0.031317297170608625
headache,0.03978702676768751,0.1243973383023556,,0.1415927946076632,0.10138012400603909,,0.19985125543645244,0.18704829813295712,0.09569202403998339,0.0924275736408601,0.09871423367042048,0.055929760254025164,0.0779184119661036,0.02548439242935942,0.018318829616931376,0.10230515655258163,0.06113310675153822,0.045949914881980705,0.01118200192324092,0.05747155151618779,0.08505180212779105,0.03854846782168257,0.050095280656501574,0.10056491325391986,0.04108788140825025,0.06328634345708906,4.141602827098031e-05,0.04783550076790578,0.09249500200588229,0.05899272893529187,0.007721528038077367,0.011982498874753165,-0.0037771386142479383,-0.00904856668295059,-0.023047323406250514,-0.009496662649860136,0.014385350147552538,-0.050804962939711956,-0.04197894210282094,-0.002488134851786219,-0.018758646756483924,0.001218667400447323,0.03205934596261514,0.05013768205597646,0.047794337286481865,0.033672347903432695,0.003190709443145081,0.050049430858137824,0.0378599053573245,0.03525680771800392,0.07713686798885865,0.05688124013237035,0.05050348077527491,0.06144127111173302,0.04963976220263783,0.06214217375254232,0.09957757962834396,0.0667259550968458,0.08224361185494708,0.12255894049900123,-0.09469345824452875,-0.10421106068423205,-0.0795756879314355,0.09062801341223028,0.08358760759684548
mouth_bleed,0.04976912210028258,0.03604909960338599,0.1415927946076632,,,0.16899430445082766,0.1587078750979383,0.020445588824725133,0.06476899778591395,0.05890956615690669,0.16969717723892846,0.1453596739605208,0.10938007624402549,0.06961904265710035,0.08795300503229024,0.12754707690042597,0.09724210563854983,0.10197486153488769,0.0834982755180843,0.14080866062535494,0.1621189467626425,0.15062451402459134,0.1082841115354445,0.14408975039301786,0.04169887357520812,0.05890956615690667,0.08969394362819827,0.0816432558139713,0.11918838374070968,0.05429531710538052,0.0755293048039025,0.017132888399151947,0.01595134318836065,-0.0840101938809447,-0.08090325176591046,-0.07789722026544445,-0.07209533956339786,-0.06415478706886403,-0.072438754669762,-0.07723558855322504,0.04211000208751093,-0.023698571723782067,0.145955926307362,0.17168948878991344,0.11157135263754825,0.11152131338787376,0.1417347725859032,0.12174910018117795,0.10821511999912545,0.05946494225549636,0.09445652425266762,0.11860086505973641,0.12303710076636529,0.14317735270650178,0.06312870457461406,0.10161849333899757,0.08288835371702494,0.050508685603689304,0.07626831382683065,0.06536772404367827,-0.0637078876565388,-0.12025751643521353,-0.08735417904007299,0.07082376443718855,0.06353115344638058
nose_bleed,0.04634940757024503,0.09779624589757718,0.10138012400603909,,,0.1778162345908538,0.11844442390420652,0.08406263319909735,0.10556489710945646,0.11785516532246867,0.15839426171318258,0.17033390162960518,0.11216668913007594,0.08583210173929494,0.053097006619603086,0.18210318775392542,0.1091546723780447,0.05929493905429218,-0.04838669060340959,0.02870152659954897,0.0982793560848544,0.044053681502294495,0.07403699652916633,0.07115879012093501,0.05174122089154002,0.007646433280928665,0.06838986009908253,0.035097890446768906,0.10065165259240437,-0.04397434948943126,0.03869029095686603,0.016059385013159875,0.0069977667825609855,-0.07219632465967092,-0.12614387463619425,-0.06089172173279059,-0.07201816523678801,-0.04481115506814333,-0.07022139318279352,-0.04717823488455971,0.02154648874928473,-0.045603436075201315,0.08835421721746471,0.1062312998957171,0.0941573262973984,0.08762263109005464,0.1018552352821232,0.07088053236881735,0.07716261408330354,0.009082245694058941,0.0805229023390183,0.05468131520603277,0.0371069046418563,0.06494458599076809,0.029711996901337016,0.06176712322302741,0.055925189079167485,0.03174736908379367,0.05944349300163741,0.0784009808385448,-0.16604015504759778,-0.17535165783759415,-0.1590091536789289,0.044285800360854284,0.05320045486320505
muscle_pain,-0.011303463081782284,0.1794989153079693,,0.16899430445082766,0.1778162345908538,,0.13301916316630058,0.025560284603146088,0.05889562040299769,0.0703265373228814,0.10480111997949076,-0.0045076168490735145,0.06631616170861056,0.11194944609206056,0.02245671758555684,0.08320939758903671,0.1075285444127038,0.0974005899480389,0.01622791983294618,0.01797875135454945,0.11160782937626064,0.0858046681130543,0.014091650508516296,0.07868045890896598,0.0480569361247492,-0.016709631227609517,0.04514952608425974,0.07662454727955896,0.12184764975426443,8.176421068538916e-05,0.1355282822839387,0.019281213978272614,0.04263710240824539,-0.029054085835268542,0.013528873020483487,0.03427790346722564,0.010580271598617566,-6.41061601484241e-05,0.025327307981988016,0.008665835662199774,0.022306382376635566,0.0323267832738897,0.07794627799556368,0.03308021944130843,0.007922439841628721,0.04217296845111498,0.034730455169623864,0.05993050811922786,0.03815989374005043,-0.021892646012376164,0.015541410902634811,0.03256729023454351,0.002151392399645282,-0.03543352036223737,0.002710696874811282,0.013082643307198364,0.05031091658642561,0.04082407063600359,0.021066473334124054,0.019696631373246544,-0.11308854034988405,-0.13536953442290575,-0.12517645604661223,0.01744495256383912,0.05886761711017717
joint_pain,0.01021144629576878,0.1698901189462275,0.19985125543645244,0.1587078750979383,0.11844442390420652,0.13301916316630058,,0.07252727905523407,0.1298206238363182,0.10991231175112276,0.1336388190941005,0.07348592741382809,0.13082012508393515,-0.03372515554158083,0.030327557052416375,0.13160743563323105,0.16002392909968588,0.05780200894311172,0.028776234919675698,0.06963693682215921,0.1154305149217427,0.04457139970012005,0.04405960181803077,0.07697911339639082,0.052642826577555195,0.0924275736408602,0.02932254801586713,0.005718814537632543,0.06870672757221222,0.01834745321473513,0.0136424828351713,0.0119824988747533,-0.009646230922540843,-0.03763362765187869,-0.08591615333624363,-0.02687580111435804,-0.008469576940806174,-0.03373314316862061,-0.0931890664510281,-0.054058174141414395,-0.007011646528995696,-0.017927951535469732,0.05282205521046463,0.05679071156302877,0.06817877110603311,0.020021917876066306,0.0816544164450083,0.08441042096952202,0.05141965869452233,0.049131877607583,0.03507627438395119,0.006666245944874651,-0.0016655291092659973,0.026050217929400307,0.06473776688203774,0.014169998855675258,0.033638133361807154,0.03798392610407371,0.05065956319582287,0.040939563663683835,-0.09469345824452892,-0.1365788673415641,-0.10436711479726614,0.0906280134122303,0.08358760759684553
vomiting,-0.030217163850689534,0.06208145287964137,0.18704829813295712,0.020445588824725133,0.08406263319909735,0.025560284603146088,0.07252727905523407,,0.17524266069436964,0.04204690911060384,0.0018559045189731923,-0.018476373848250183,0.008812639329466777,-0.003154806249600964,0.012558751048497655,0.10997928124797778,0.034250837645592794,-0.0005374501269987925,0.02451682359651557,0.008430004952333172,0.023995479587476193,-0.0397558036871753,0.007826008563599522,-0.02208415988862345,0.014941488474965953,0.012851107950520435,-0.010033148974190303,-0.10265396821424144,0.015936303042890402,-0.04332150258592717,-0.015018891454217299,-0.038265739103679336,-0.03167094206581763,-0.03947831717735848,-0.007637434299172061,-0.041858638919657264,-0.03878363083163337,-0.05155328796891478,-0.03126095375596131,0.006869393865451178,-0.029097890652165063,-0.007488490410096409,0.020262180826565616,-0.03346885882946409,0.00947470286754761,0.03606631926674559,-0.04580987856207475,-0.03719104878458473,0.013248879860857937,-0.06697869393633714,-0.08462441344784348,-0.05677428273738359,-0.023614538119602773,-0.014935208236628849,-0.033258555593931025,0.021334456325220255,0.02745613867744728,0.014879893560152013,0.04521948206949892,0.015556384217621884,-0.09546212335581111,-0.12170977659792802,-0.139143498470451,0.029705709543898937,0.02118547991629565
rash,-0.015084700998033454,0.17702905607145134,0.09569202403998339,0.06476899778591395,0.10556489710945646,0.05889562040299769,0.1298206238363182,0.17524266069436964,,0.13525654406586962,0.10046412719804103,0.013081696367355724,0.07706702143386895,0.06815392269588422,0.06504848184407276,0.1587731245588497,0.08020780314650792,0.0003169960163284985,0.0450018513016867,0.01659414037885615,0.0680454753294842,0.014082595260837395,0.07403699652916629,0.047685436748486264,-0.023007845630645566,0.01924735244319609,0.06838986009908259,-0.05472187986886433,0.08289550561174314,-0.020859208159298908,0.0504757436524734,0.0038046789102953345,-0.03389001102959261,-0.03236803230199488,0.010370524549145626,-0.03783001166712408,-0.0037802700090786927,-0.010830297041853794,0.003396129885879373,-0.035772862320571454,-0.013526498692950712,0.030617909799898774,0.06769049522846457,0.040018191347474176,0.040057992943265425,0.06045192925642809,0.010750670053273082,0.023004491056782757,0.009687081421713458,0.01598670559266073,-0.07017334106779749,-0.0309911276763277,-0.04448212487460308,0.008588866695925438,-0.05293113611071516,-0.033719807065632344,0.0012376252078377637,-0.015927630793526017,0.007054376132829593,0.007324510025216699,-0.1425323005081178,-0.15924491208065286,-0.1425603320166271,-0.003564521883349457,-0.01198623766415366
diarrhea,-0.005824549282543119,0.1277158421312768,0.0924275736408601,0.05890956615690669,0.11785516532246867,0.0703265373228814,0.10991231175112276,0.04204690911060384,0.13525654406586962,,,0.1467857192849362,0.14948739522928223,0.11141531447969522,0.008010958750230989,0.14568621306548854,0.18438750345524654,0.10178404133613672,0.07636041806114995,0.04337606047790752,0.1958017729441161,,0.14931954622183483,0.1473209201004321,0.061265948633956416,0.10849389690305668,0.11936212035491986,0.09257952133593661,0.09948596661076871,0.08237706695091616,0.1295290567770612,0.05585663811775464,0.07875347602455682,0.007281244134294267,0.02248862119980971,-0.0156502232375507,-0.020578521169015294,0.047991842877529285,-0.00069760248248863,-0.04100978415822364,0.13505652061301274,0.04982928287149948,0.1811121720053161,,,0.17622576346715876,0.1675061517682798,0.17863823589165637,,0.09233971723261306,0.1260535004392156,0.09602977695862173,0.10793624172888105,0.14562655752824277,0.12135157114465968,0.08976700922184971,0.07946346907004491,0.1080910537732507,0.10884796469536272,0.1100435314813498,-0.14895133188513576,-0.1552901571915782,-0.15056643105702155,0.01668983536255607,0.05696754462404855
hypotension,0.024304011530890412,0.1912172503032472,0.09871423367042048,0.16969717723892846,0.15839426171318258,0.10480111997949076,0.1336388190941005,0.0018559045189731923,0.10046412719804103,,,,,0.18531450448439157,0.08946052025976296,0.18872262689659547,,,0.07175102525432608,,,,,,0.19756041130068266,0.14527041848486263,0.18624122448272826,0.1679944954755874,,0.13077593156292033,0.19737483077614515,0.08326943514417157,0.10404129606333001,-0.03870658706192704,-0.006059522600619651,-0.008603666283409393,0.02074964148418149,0.07133383029779886,-0.02367164355551146,0.000610807801450975,0.13638072021721806,0.0657163275772025,,,,,,,,0.18105451977131007,0.19217597592209304,0.19533677528003476,0.19619586172313253,,,0.14423293509713153,0.15609495366732898,0.12556251434634286,0.1713428626955758,0.16009165490751123,-0.06302683687708548,-0.09978033263895131,-0.0853527123970213,0.11353911676788643,0.07253330220127026
pleural_effusion,0.056372329144338235,0.11671588995813521,0.055929760254025164,0.1453596739605208,0.17033390162960518,-0.0045076168490735145,0.07348592741382809,-0.018476373848250183,0.013081696367355724,0.1467857192849362,,,,,0.18656132372717607,0.1539285751854932,0.15754994050582422,0.18809304269258248,0.09027922818722195,0.14279902233410155,0.1775864852215003,0.14486772286831193,,0.18539447495119116,0.16486049404159242,0.1467857192849361,0.1815090447571793,0.17316731855959258,0.14325832947796743,0.1504502784858643,0.17349098316218228,0.1686111350299888,0.1948022646798181,0.09330412484067398,0.050077704534091015,0.14104148863251592,0.1297349101005752,0.12909445346939288,0.11520380904944807,0.10333332667891278,0.11906340279516472,0.09994553300991094,0.19807971791397272,,,0.1863163630992571,,,0.18406734698733548,0.11602679747995127,0.16781985716244185,0.15644043534436264,0.17752012418153518,0.17675945625062214,0.19162117237282636,0.16292157569332077,0.15217513997160403,0.12408684586137302,0.12519556480672173,0.1367052703233606,-0.15822600018666685,-0.14875237425340324,-0.11883164947064843,0.019961072949166974,-0.006735023467634911
ascites,0.02922792501847452,0.16999237534826026,0.0779184119661036,0.10938007624402549,0.11216668913007594,0.06631616170861056,0.13082012508393515,0.008812639329466777,0.07706702143386895,0.14948739522928223,,,,,0.10116159610140842,0.10804637957787012,0.19634340909276132,,0.1646622385484963,,,,,0.19959613218684616,,0.14349331693827144,,0.14311730581003648,,0.13554954681809422,0.16916887511003822,0.13041709548034955,0.17911041632501212,0.06249758325489162,0.013260762599865097,0.007179789369923638,0.04044427677123744,0.10558546715148993,0.07412974841017407,0.06036408106121011,0.14525683235177508,0.058628571732837836,,,,,,,,0.16849334030699006,0.166739654863123,0.15839579865272116,0.17110757294584603,0.17909689991158406,,0.1463017076917468,0.1577408925647758,0.15996593512279308,0.15255084084221032,0.19511698245621195,-0.11094855037497074,-0.11724052071849037,-0.0783657636212402,0.13864433948740765,0.09742330427302938
gastro_bleeding,0.012887948587153262,0.13902161083022918,0.02548439242935942,0.06961904265710035,0.08583210173929494,0.11194944609206056,-0.03372515554158083,-0.003154806249600964,0.06815392269588422,0.11141531447969522,0.18531450448439157,,,,0.16444821686392386,0.0870503420081086,0.176998115185932,,0.17436558471473232,,,,,,0.19776933899079327,0.19594611186740207,,0.18798090301037915,,0.16415020804563354,,0.08528911617646308,0.14628671681708436,0.05724139095341351,0.061010121211923535,0.01107763724997832,0.03518078583774472,0.07292022760530757,0.11794420677875103,0.03674192492216059,,0.12158422662567744,,,,,,,,0.11166958038011172,0.1521319999510303,,0.1305987617998615,0.15709091674374415,0.12792777202077996,0.1667259558236478,0.07520393497000168,0.05074977361423264,0.11781456259224211,0.06721392072347099,-0.1330689709758813,-0.1072129934324355,-0.12829533608881963,0.06150412183160098,0.03503135387154065
swelling,0.06953326345692777,0.07856822169664421,0.018318829616931376,0.08795300503229024,0.053097006619603086,0.02245671758555684,0.030327557052416375,0.012558751048497655,0.06504848184407276,0.008010958750230989,0.08946052025976296,0.18656132372717607,0.10116159610140842,0.16444821686392386,,0.08018656178844759,0.17288752716243566,,,,,,,0.19042114985660308,,,,,,0.18465934017183086,,0.1875548539020827,0.1584814930235653,0.13447913875933956,0.15041483140726583,0.13945268769770283,0.10631595238671125,0.16489987655046284,0.1449202332140229,0.17316817562565373,,0.19768677854981892,0.18469273127340083,0.19774146995807626,,0.18904584266816235,0.15274697906914014,,0.1876590848375394,0.1074387973446569,0.16287509976102915,0.18203371855853606,0.19235091439859123,0.15955629711858238,0.15802032850109307,0.11218971205909321,0.15803004805731202,0.156785788096777,0.1768568957043531,0.1675517813969111,-0.10754299164674323,-0.13283194126446318,-0.1122357853880372,0.1379343787510026,0.09516278175655783
nausea,-0.02829804690155248,0.11109368723171238,0.10230515655258163,0.12754707690042597,0.18210318775392542,0.08320939758903671,0.13160743563323105,0.10997928124797778,0.1587731245588497,0.14568621306548854,0.18872262689659547,0.1539285751854932,0.10804637957787012,0.0870503420081086,0.08018656178844759,,0.1207302195710951,0.10765811983043054,0.10697823660723185,0.04099565551706526,0.15072723484666656,0.0812818572298532,0.11090158383742245,0.05104597297404889,0.03964241750492774,-0.021647948457250682,0.08425560856143545,0.06035043816612033,0.0928940594338943,0.0422919813536774,0.11133547244107013,0.046485962793523045,0.1093388088731456,-0.006823987827198115,0.03197968675902271,-0.014333600809648852,0.05318496175740539,0.035695540632293285,0.02764568897384441,0.02050186606649061,0.039432421916193394,0.012042521363406304,0.13754592080456407,0.18800390075960358,0.1696499419633564,0.17571484395146816,0.13507930924261863,0.14970451120015,0.1388337395457079,0.048095270320500705,0.13582724504689467,0.12275801792024238,0.1040578421913466,0.10736999555685371,0.14036113612923348,0.11640044457592356,0.08640576953580076,0.07706289559899009,0.10549479383954793,0.1282156812920969,-0.13981694959161864,-0.1548691363778991,-0.1590451686886452,0.053925770475033365,0.07825266476267172
chills,0.009485795884856497,0.1823948800167823,0.06113310675153822,0.09724210563854983,0.1091546723780447,0.1075285444127038,0.16002392909968588,0.034250837645592794,0.08020780314650792,0.18438750345524654,,0.15754994050582422,0.19634340909276132,0.176998115185932,0.17288752716243566,0.1207302195710951,,,0.14705080177114405,,,,,,,0.1606594428540708,,0.19644644056626737,,0.12242666650719962,,0.07501860641088451,0.11964920672731254,0.016896744171564716,-0.002855072414910281,0.0008089537333642899,0.029743579411197884,0.033752095348512055,0.008297891025372801,0.038877412564901695,0.19383506400710027,0.10937264578267081,,,,,,,,,0.19949088290819098,,,,,0.19989775789182385,0.19993231358760935,,,,-0.15237312394670022,-0.19150214203749127,-0.19579531113846954,0.11293712844943501,0.13863425952486064
myalgia,-0.01470460836895559,0.08904401337108164,0.045949914881980705,0.10197486153488769,0.05929493905429218,0.0974005899480389,0.05780200894311172,-0.0005374501269987925,0.0003169960163284985,0.10178404133613672,,0.18809304269258248,,,,0.10765811983043054,,,,,,,,,,,,,,0.16067225504321378,,0.18308597007660196,0.19130032034225278,0.1251539724474825,0.0815061970653739,0.0495566513673725,0.09712784257257516,0.15842597835342795,0.16218967325480507,0.11661476157351368,,0.1301127541993264,,,,0.1998228421261894,,,,0.13488182315073902,0.17085464724514798,,,,,,,,,,-0.13192478906688754,-0.15643631412916056,-0.11866162914410815,0.14518430607285385,0.12048181894291042
digestion_trouble,0.01182211512612718,0.0615960574649143,0.01118200192324092,0.0834982755180843,-0.04838669060340959,0.01622791983294618,0.028776234919675698,0.02451682359651557,0.0450018513016867,0.07636041806114995,0.07175102525432608,0.09027922818722195,0.1646622385484963,0.17436558471473232,,0.10697823660723185,0.14705080177114405,,,0.1928391180807857,,,,,,,,,,,0.18651703551742468,0.1874560388990284,0.18395480079997367,,0.19298907621973316,,,,,,0.18636907487188614,0.18411399648212617,0.16758065954591014,0.11468673366890235,,0.11437599061563568,0.12345778134350603,,0.18921931726433833,0.028294269221071873,0.0766380595251023,0.07275707832906468,0.07489599442379642,0.11618088073531668,0.07981896535972696,0.10949973499539571,0.12111402106068352,0.12723431043072655,0.17124696971759296,0.16060529729410625,-0.13867365769564555,-0.13717756850321564,-0.14951830635348698,0.07094567115650952,0.09563555377154401
fatigue,-0.0681719050405683,0.07379788368575232,0.05747155151618779,0.14080866062535494,0.02870152659954897,0.01797875135454945,0.06963693682215921,0.008430004952333172,0.01659414037885615,0.04337606047790752,,0.14279902233410155,,,,0.04099565551706526,,,0.1928391180807857,,,,,,,,,,,0.16102976261551338,,0.07664567494398807,0.13253327132097026,0.004690286668614615,-0.03376883827859839,-0.026091698083618362,0.06157522080742129,0.0869306221250529,0.012299898496966626,0.012369093454121724,0.07838960482696167,0.07987569058101396,0.14717921404858159,,,0.16740861987331382,,0.16100918584676346,,0.1572974179202639,0.1880846446829776,,,,,0.179873772820812,0.1819125003658157,0.19116556605647328,,0.18079537136830043,-0.10182272085750652,-0.12826714191433564,-0.10801494185076628,0.12933577153486286,0.12033888098158013
skin_lesions,0.017415954279335576,0.16134728186673777,0.08505180212779105,0.1621189467626425,0.0982793560848544,0.11160782937626064,0.1154305149217427,0.023995479587476193,0.0680454753294842,0.1958017729441161,,0.1775864852215003,,,,0.15072723484666656,,,,,,,,,,,,,,,,0.10071972458165249,0.1799478748632823,0.07489007105643876,0.0729003170102103,0.07613868403306676,0.10128242099075827,,0.07590530181879543,0.0827799585533336,,0.1797020847995921,,,,,,,,0.1407925545818936,0.19563598270611315,,0.19420051371693878,,,0.17840594256757403,,,,,-0.15321661562177014,,-0.17937602645354242,0.0945595377172332,0.1022524247706141
stomach_pain,-0.06998318336661294,0.12381951569724775,0.03854846782168257,0.15062451402459134,0.044053681502294495,0.0858046681130543,0.04457139970012005,-0.0397558036871753,0.014082595260837395,,,0.14486772286831193,,,,0.0812818572298532,,,,,,,,,,,0.19023947963110174,,,,,0.09032785698212231,0.15358272082495406,0.05865333797562678,0.06866312721386988,0.09845411444121027,0.09673141885585264,0.18005844131692153,0.10007858888346736,0.06087913718897392,,0.19708045219124148,,,,,,,,0.09052271496319626,0.09595838973281234,0.17190409938168397,0.1499886868343289,0.14219842277193037,0.13872772280063897,0.1331419550716524,0.13786233092188538,0.10974528865532997,0.14675634546547706,0.16005573386766522,-0.187010126879491,-0.15513422843968733,-0.16995825130527353,0.08934217713255271,0.09706795113948752
orbital_pain,-0.0019713852897031135,0.11811872144551443,0.050095280656501574,0.1082841115354445,0.07403699652916633,0.014091650508516296,0.04405960181803077,0.007826008563599522,0.07403699652916629,0.14931954622183483,,,,,,0.11090158383742245,,,,,,,,,,,,,,,,0.1530445648401633,0.16476967555697566,0.13060332111907613,0.12855910555662162,0.09137658500965684,0.11444916884312574,0.19222911698046397,0.14814931243302012,0.11472376425898247,,,,,,,,,,0.16710746673424082,0.16956737558544444,,,,,0.1612621486567896,,,,,-0.14326820634511922,-0.14445132929487048,-0.1417423568263887,0.14140672743275906,0.09834958155795231
neck_pain,-0.03634795966482756,0.10020839622845745,0.10056491325391986,0.14408975039301786,0.07115879012093501,0.07868045890896598,0.07697911339639082,-0.02208415988862345,0.047685436748486264,0.1473209201004321,,0.18539447495119116,0.19959613218684616,,0.19042114985660308,0.05104597297404889,,,,,,,,,,,,,,,,0.17677209215657722,0.18878615967339035,0.10866141641029232,0.17721876279088916,0.13640534400313722,0.19268517670096671,,0.16787268026820132,0.11821468830783506,,0.15818485532909846,0.19351268988120499,,,,,,,0.13219357853618063,0.16315168467918387,0.14246953710748608,0.18477212116246974,0.18556812904101241,0.15967476695272143,0.15166194210512757,0.17284655815158895,0.1742118030980509,0.19991827068864143,0.1677264464350705,-0.16314886915053212,-0.17957831619140208,-0.1677156006207807,0.0916288059698372,0.06604515701352558
weakness,-0.06293450758314682,0.11192730533603718,0.04108788140825025,0.04169887357520812,0.05174122089154002,0.0480569361247492,0.052642826577555195,0.014941488474965953,-0.023007845630645566,0.061265948633956416,0.19756041130068266,0.16486049404159242,,0.19776933899079327,,0.03964241750492774,,,,,,,,,,,,,,,,,0.17510830459337348,0.19373655632011144,0.18552469602456326,,,,0.19927316631786093,0.18769635077914015,,,0.17796100453809258,,,0.14466302118933194,0.16077408799924836,,,0.0971198541041039,0.10817678336992974,0.16098020786305708,0.13975219451352838,0.15127017314351165,0.14649041117476258,0.13563809686818085,0.17784412459813123,0.14139557234621103,0.18039484909833411,0.14752277797500213,-0.19789606803663867,,,0.024839574579500746,0.04874509702941569
back_pain,-0.07151410021541622,0.10452013205824044,0.06328634345708906,0.05890956615690667,0.007646433280928665,-0.016709631227609517,0.0924275736408602,0.012851107950520435,0.01924735244319609,0.10849389690305668,0.14527041848486263,0.1467857192849361,0.14349331693827144,0.19594611186740207,,-0.021647948457250682,0.1606594428540708,,,,,,,,,,,,,,,0.14375314115265708,0.1146636389070862,0.14719987433894305,0.15071003400840172,,,,0.16176991214509442,0.18687469359161524,,0.166978267505289,0.131708868292903,,0.16310177487644736,0.12750550742565456,0.14750274273159708,0.13659054991604858,0.16695806581454695,0.08526514201767378,0.1346317875515965,0.09602977695862201,0.13073603942900605,0.08788231963005587,0.11365344994239195,0.08161371072238295,0.09067046540607553,0.06901134269286809,0.14105590737377552,0.07883166597293269,,,,0.06571911625449718,0.05696754462404849
weight_loss,0.08366237127222305,0.10807952488197715,4.141602827098031e-05,0.08969394362819827,0.06838986009908253,0.04514952608425974,0.02932254801586713,-0.010033148974190303,0.06838986009908259,0.11936212035491986,0.18624122448272826,0.1815090447571793,,,,0.08425560856143545,,,,,,0.19023947963110174,,,,,,,,,,,0.19118994016312924,,,,,,,0.15295130017140965,,0.19335525841039106,,0.17941202945609452,,0.1530447885872182,0.16008480453180568,0.19734384037219668,,0.07497648537210155,0.19493168973271954,0.10653390945937402,0.18663320345571033,0.16384701568823234,0.17761140640111805,0.139677063707448,0.10805270319388181,0.09568286481468924,0.12613924714048852,0.10632816721313455,,,,0.020509522035131383,0.027339002057436418
gum_bleed,-0.05311842504185308,0.09074438749772261,0.04783550076790578,0.0816432558139713,0.035097890446768906,0.07662454727955896,0.005718814537632543,-0.10265396821424144,-0.05472187986886433,0.09257952133593661,0.1679944954755874,0.17316731855959258,0.14311730581003648,0.18798090301037915,,0.06035043816612033,0.19644644056626737,,,,,,,,,,,,,,,0.166011010261351,0.10784880550606746,0.17626227660249047,0.14410221215138716,0.14467246770371853,0.1540665524707043,,0.19891542691613054,0.19087709223867683,,0.14129195636895067,,,,0.17108955831695818,0.1703122629562391,,0.1841570257157302,0.10347535009454169,0.07698249743397617,0.14759600823616453,0.11706306575083797,0.1405434303276153,0.1531173777556352,0.10650281792433691,0.13688442552869654,0.10864685285936723,0.14572588697415714,0.16971813924979792,-0.16322778311933156,-0.17323905505860338,-0.12747765647412357,0.05495751273453145,0.06195454031820021
jaundice,-0.04097975407104012,0.10719503176870294,0.09249500200588229,0.11918838374070968,0.10065165259240437,0.12184764975426443,0.06870672757221222,0.015936303042890402,0.08289550561174314,0.09948596661076871,,0.14325832947796743,,,,0.0928940594338943,,,,,,,,,,,,,,,,0.15960526414514445,,0.11247186821633026,0.11628327643955191,0.11373749546637786,0.1379296070254081,0.1999849679906955,0.14458416996614304,0.1453726380954599,,0.17767160568978957,,,,,,,,0.11265219139649378,0.14980682720899466,0.1582624381529919,0.1923143226455308,0.17996265054019273,0.19019924750952388,0.1070829662345587,,,,0.18879176455826746,-0.13553311322432213,-0.1605521889699818,-0.14016008771003602,0.08116421626340277,0.08895273683006688
coma,0.019319028174077955,0.07512070995163289,0.05899272893529187,0.05429531710538052,-0.04397434948943126,8.176421068538916e-05,0.01834745321473513,-0.04332150258592717,-0.020859208159298908,0.08237706695091616,0.13077593156292033,0.1504502784858643,0.13554954681809422,0.16415020804563354,0.18465934017183086,0.0422919813536774,0.12242666650719962,0.16067225504321378,,0.16102976261551338,,,,,,,,,,,,0.15040863565053939,,,,,,,,,,,0.1924591443470914,0.1837958604522077,,,,,,0.04772198928215507,0.13592983218730492,0.12357540392440967,0.14493009063578421,0.11478231338474973,0.11302266037230047,0.09843907938578879,0.09666435392068128,0.06305384489217837,0.09266219124990774,0.10435450418091456,,,,0.013449367448669964,0.0037412909118252425
diziness,-0.02610783761944066,0.09189225151257302,0.007721528038077367,0.0755293048039025,0.03869029095686603,0.1355282822839387,0.0136424828351713,-0.015018891454217299,0.0504757436524734,0.1295290567770612,0.19737483077614515,0.17349098316218228,0.16916887511003822,,,0.11133547244107013,,,0.18651703551742468,,,,,,,,,,,,,0.19371834056031198,0.18276809557887552,,,,,,,0.17920924258194576,,,,,,,,,,0.061359816765985765,0.11727303901588895,0.15031456121832426,0.14604040819044642,0.13509238020515435,0.12792777202078004,0.11702800735875328,0.15490078168660512,0.15000313445866534,0.16144158668689434,0.14120006255186457,-0.17385263773500548,-0.18266049146501526,-0.16253971650025736,0.04490106183353232,0.0689589801553476
inflammation,0.08082678721494349,-0.01084783561231552,0.011982498874753165,0.017132888399151947,0.016059385013159875,0.019281213978272614,0.0119824988747533,-0.038265739103679336,0.0038046789102953345,0.05585663811775464,0.08326943514417157,0.1686111350299888,0.13041709548034955,0.08528911617646308,0.1875548539020827,0.046485962793523045,0.07501860641088451,0.18308597007660196,0.1874560388990284,0.07664567494398807,0.10071972458165249,0.09032785698212231,0.1530445648401633,0.17677209215657722,,0.14375314115265708,,0.166011010261351,0.15960526414514445,0.15040863565053939,0.19371834056031198,,,,,,,,,,,,0.09044497606740816,0.1260018288558805,0.12929785934082338,0.12705820884186284,0.08315804301355563,0.15698945315684737,0.15597545075796523,0.010760667998244305,0.12979933688753417,0.08074018613113215,0.11606311252719818,0.13653483146886516,0.09506457005590159,0.1345641794115088,,0.14164083237267136,0.17842460873460075,0.1703416517735396,-0.14087455057641898,-0.17826981268413594,-0.14162562736006842,0.0674693054915751,0.09201351254162767
red_eyes,-0.006079956340374445,0.09377999810359475,-0.0037771386142479383,0.01595134318836065,0.0069977667825609855,0.04263710240824539,-0.009646230922540843,-0.03167094206581763,-0.03389001102959261,0.07875347602455682,0.10404129606333001,0.1948022646798181,0.17911041632501212,0.14628671681708436,0.1584814930235653,0.1093388088731456,0.11964920672731254,0.19130032034225278,0.18395480079997367,0.13253327132097026,0.1799478748632823,0.15358272082495406,0.16476967555697566,0.18878615967339035,0.17510830459337348,0.1146636389070862,0.19118994016312924,0.10784880550606746,,,0.18276809557887552,,,,,,,,,,,,0.16923287096843467,,0.1870133148468846,0.19312407542183957,,,,0.07970590569395342,0.1814920669430484,0.17001393687662664,0.17579617161266609,0.14681165134741217,0.17422974098585606,0.13543160610768523,,0.1873192138618674,,0.18256723124990085,,,-0.19089540264829402,0.05507603387440621,0.07941447695183003
loss_of_appetite,-0.026657822939234185,0.024909239030011132,-0.00904856668295059,-0.0840101938809447,-0.07219632465967092,-0.029054085835268542,-0.03763362765187869,-0.03947831717735848,-0.03236803230199488,0.007281244134294267,-0.03870658706192704,0.09330412484067398,0.06249758325489162,0.05724139095341351,0.13447913875933956,-0.006823987827198115,0.016896744171564716,0.1251539724474825,,0.004690286668614615,0.07489007105643876,0.05865333797562678,0.13060332111907613,0.10866141641029232,0.19373655632011144,0.14719987433894305,,0.17626227660249047,0.11247186821633026,,,,,,,,,,,,,,0.04740289463687725,0.08502731636411316,0.11051752895044381,0.02838068907193929,0.083334141578376,0.1546840588486591,0.12079751753985736,-0.05346500000662709,0.04460792149229557,-0.013458166998929816,0.036926462790440095,-0.0008312058421898339,0.013190568992304702,-0.0006334804217978731,0.06742024574371921,0.010179890760557388,0.07257062062923875,0.041817570240306266,,,,0.04308238103588553,0.0677421236925463
urination_loss,-0.0298681321393284,0.07321796007799947,-0.023047323406250514,-0.08090325176591046,-0.12614387463619425,0.013528873020483487,-0.08591615333624363,-0.007637434299172061,0.010370524549145626,0.02248862119980971,-0.006059522600619651,0.050077704534091015,0.013260762599865097,0.061010121211923535,0.15041483140726583,0.03197968675902271,-0.002855072414910281,0.0815061970653739,0.19298907621973316,-0.03376883827859839,0.0729003170102103,0.06866312721386988,0.12855910555662162,0.17721876279088916,0.18552469602456326,0.15071003400840172,,0.14410221215138716,0.11628327643955191,,,,,,,,,,,,,,0.059742958293081086,0.05013768205597631,0.07497358237921677,0.013196702862383187,0.0031907094431451034,0.07753822294724512,0.09887879537471443,-0.09655635623299703,0.06031263054689556,-0.065069460037262,0.005787186588525537,-0.023497256525865623,-0.04849726821346119,-0.03380217604119173,0.0446280410728966,-0.02908080821239458,0.050659563195822835,0.020534719454854463,,,,-0.021557588983249363,-0.014660835580161572
slow_heart_rate,0.04904021465579062,0.08639334961050849,-0.009496662649860136,-0.07789722026544445,-0.06089172173279059,0.03427790346722564,-0.02687580111435804,-0.041858638919657264,-0.03783001166712408,-0.0156502232375507,-0.008603666283409393,0.14104148863251592,0.007179789369923638,0.01107763724997832,0.13945268769770283,-0.014333600809648852,0.0008089537333642899,0.0495566513673725,,-0.026091698083618362,0.07613868403306676,0.09845411444121027,0.09137658500965684,0.13640534400313722,,,,0.14467246770371853,0.11373749546637786,,,,,,,,,,,,,,0.0035918336971970436,0.055502518361628214,0.05010986594835953,-0.027084904311314374,0.017164090789265223,0.11352881622550366,0.060963897725231884,-0.1623193221853653,-0.01382085444813376,-0.0714356561389282,-0.0798141767623708,-0.09217171726740515,-0.0684642145210025,-0.05247577106301216,0.004112249297830797,-0.018570249656726476,0.014369060591376593,-0.013149458286616634,,,,-0.021184337543401002,0.0016667776106858395
abdominal_pain,-0.013982800202137472,0.05327968763342725,0.014385350147552538,-0.07209533956339786,-0.07201816523678801,0.010580271598617566,-0.008469576940806174,-0.03878363083163337,-0.0037802700090786927,-0.020578521169015294,0.02074964148418149,0.1297349101005752,0.04044427677123744,0.03518078583774472,0.10631595238671125,0.05318496175740539,0.029743579411197884,0.09712784257257516,,0.06157522080742129,0.10128242099075827,0.09673141885585264,0.11444916884312574,0.19268517670096671,,,,0.1540665524707043,0.1379296070254081,,,,,,,,,,,,,,0.09283326614244959,0.11503569540297669,0.11417242837057295,0.05943109944233102,0.05382914974772237,0.11723161184666733,0.14475304939420858,-0.07720361896035222,0.03396012252025467,-0.052107793692760945,-0.01043295877829702,-0.017845658096834367,0.003052905319567804,-0.03497971042232801,0.08777007631718249,-0.010851416352581912,0.08138668544853324,0.050261931793971724,,,,-0.054116680500727085,-0.031536193892341025
light_sensitivity,-0.10523718851056939,0.049812614477903513,-0.050804962939711956,-0.06415478706886403,-0.04481115506814333,-6.41061601484241e-05,-0.03373314316862061,-0.05155328796891478,-0.010830297041853794,0.047991842877529285,0.07133383029779886,0.12909445346939288,0.10558546715148993,0.07292022760530757,0.16489987655046284,0.035695540632293285,0.033752095348512055,0.15842597835342795,,0.0869306221250529,,0.18005844131692153,0.19222911698046397,,,,,,0.1999849679906955,,,,,,,,,,,,0.16702165212552444,,0.08201878738545396,0.1009937219654915,0.0883233546595575,0.10884604527189627,0.09712096269139378,0.1742066087527566,0.1321365487344901,-0.06642731232754809,0.027437238888351284,0.018821086377317105,0.06594442263809235,0.036862674842069953,0.028640698636663704,-0.03578396884584379,0.04895417021073343,0.01733787040000228,0.05313870942792883,0.031954683968417476,,,,0.014986617389583654,-0.025758706833384187
yellow_skin,0.02930578833350321,0.08658644589690707,-0.04197894210282094,-0.072438754669762,-0.07022139318279352,0.025327307981988016,-0.0931890664510281,-0.03126095375596131,0.003396129885879373,-0.00069760248248863,-0.02367164355551146,0.11520380904944807,0.07412974841017407,0.11794420677875103,0.1449202332140229,0.02764568897384441,0.008297891025372801,0.16218967325480507,,0.012299898496966626,0.07590530181879543,0.10007858888346736,0.14814931243302012,0.16787268026820132,0.19927316631786093,0.16176991214509442,,0.19891542691613054,0.14458416996614304,,,,,,,,,,,,,,0.10808979360450055,0.1325082480254506,0.10031263200439057,0.10731617268121008,0.04338544664879841,0.13163809170771137,0.13058569591603938,-0.060988750136217865,0.034707571604207385,0.07455929566413316,0.04978636850691424,0.00019934469964687397,0.03486700293874946,0.010797121283651677,0.08098339787658117,0.006866970242473845,0.06278431707953232,0.0310893583455182,,,,-0.017444952563839097,0.006341008501879632
yellow_eyes,0.02329654886264597,0.039359914842492336,-0.002488134851786219,-0.07723558855322504,-0.04717823488455971,0.008665835662199774,-0.054058174141414395,0.006869393865451178,-0.035772862320571454,-0.04100978415822364,0.000610807801450975,0.10333332667891278,0.06036408106121011,0.03674192492216059,0.17316817562565373,0.02050186606649061,0.038877412564901695,0.11661476157351368,,0.012369093454121724,0.0827799585533336,0.06087913718897392,0.11472376425898247,0.11821468830783506,0.18769635077914015,0.18687469359161524,0.15295130017140965,0.19087709223867683,0.1453726380954599,,0.17920924258194576,,,,,,,,,,,,0.0718302472476973,0.11645770014191074,0.09431140306764517,0.0938913727120227,0.05580906752721465,0.09671086491849504,0.10471822519181474,-0.036232620824600444,0.0018728279937046378,0.017913794146041398,0.046257690655269676,-0.019171217582934923,0.007150869772769137,-0.00833332545982464,0.09517323071503353,0.04558075761500316,0.07858782556692286,0.07867474381726074,,,,-0.01743120035755608,0.02222179881136295
facial_distortion,0.10494011762446036,0.0792612085009077,-0.018758646756483924,0.04211000208751093,0.02154648874928473,0.022306382376635566,-0.007011646528995696,-0.029097890652165063,-0.013526498692950712,0.13505652061301274,0.13638072021721806,0.11906340279516472,0.14525683235177508,,,0.039432421916193394,0.19383506400710027,,0.18636907487188614,0.07838960482696167,,,,,,,,,,,,,,,,,,0.16702165212552444,,,,,,,,,,,,0.11693600852135783,,,0.1772823251859865,0.14839318665555146,,0.16140342305289834,0.1568062866441992,0.12934607373409807,0.15157790506171828,0.16262466104431839,-0.11211168085169143,-0.11835114615238346,-0.10494880054865419,0.055653195947645354,0.04634205130903579
microcephaly,0.062645958617197,0.04329206152901135,0.001218667400447323,-0.023698571723782067,-0.045603436075201315,0.0323267832738897,-0.017927951535469732,-0.007488490410096409,0.030617909799898774,0.04982928287149948,0.0657163275772025,0.09994553300991094,0.058628571732837836,0.12158422662567744,0.19768677854981892,0.012042521363406304,0.10937264578267081,0.1301127541993264,0.18411399648212617,0.07987569058101396,0.1797020847995921,0.19708045219124148,,0.15818485532909846,,0.166978267505289,0.19335525841039106,0.14129195636895067,0.17767160568978957,,,,,,,,,,,,,,0.15075344970791998,0.1381302420695372,0.17696217583234844,0.14380728922217642,0.13241954210290685,0.19712611211127165,0.18207741604038408,-0.00945637556846974,0.07150852493399723,0.026660361675669497,0.048909623004323576,0.007613411910593845,0.0334569201259669,0.029790296911004505,0.05004347054484507,0.012453881713190701,0.043650033962784635,0.0412526626964431,,,,-0.004986709202546425,-0.05495941409854019
rigor,0.046441856211351135,0.14090669829888872,0.03205934596261514,0.145955926307362,0.08835421721746471,0.07794627799556368,0.05282205521046463,0.020262180826565616,0.06769049522846457,0.1811121720053161,,0.19807971791397272,,,0.18469273127340083,0.13754592080456407,,,0.16758065954591014,0.14717921404858159,,,,0.19351268988120499,0.17796100453809258,0.131708868292903,,,,0.1924591443470914,,0.09044497606740816,0.16923287096843467,0.04740289463687725,0.059742958293081086,0.0035918336971970436,0.09283326614244959,0.08201878738545396,0.10808979360450055,0.0718302472476973,,0.15075344970791998,,,,,,,,0.18092212101168725,0.16304181203379647,0.19398276963931782,0.18163084148524847,0.1564766190287913,0.1552734011903469,0.19775892256885066,0.16016706980009035,0.09473236665856655,0.12698231120770967,0.1618485174596126,-0.1185512543765585,-0.09729511895663323,-0.11862514887674902,0.020477577255734288,0.04501426103438708
bitter_tongue,-0.029498011403454094,0.14827069809234564,0.05013768205597646,0.17168948878991344,0.1062312998957171,0.03308021944130843,0.05679071156302877,-0.03346885882946409,0.040018191347474176,,,,,,0.19774146995807626,0.18800390075960358,,,0.11468673366890235,,,,,,,,0.17941202945609452,,,0.1837958604522077,,0.1260018288558805,,0.08502731636411316,0.05013768205597631,0.055502518361628214,0.11503569540297669,0.1009937219654915,0.1325082480254506,0.11645770014191074,,0.1381302420695372,,,,,,,,,,,,,,,,0.1829990935420379,,0.18494728056685616,-0.04774482153695201,-0.1085712757724691,-0.06083342684924908,0.0833841508059922,0.08977925635650748
convulsion,0.0355093538904359,0.17871205645583854,0.047794337286481865,0.11157135263754825,0.0941573262973984,0.007922439841628721,0.06817877110603311,0.00947470286754761,0.040057992943265425,,,,,,,0.1696499419633564,,,,,,,,,,0.16310177487644736,,,,,,0.12929785934082338,0.1870133148468846,0.11051752895044381,0.07497358237921677,0.05010986594835953,0.11417242837057295,0.0883233546595575,0.10031263200439057,0.09431140306764517,,0.17696217583234844,,,,,,,,,,,,,,,,0.198015268706014,,,-0.07177313425591741,-0.0970056850563502,-0.06829974512696277,0.14851994771395002,0.15615265279693688
anemia,-0.046598296108811464,0.1456053323703881,0.033672347903432695,0.11152131338787376,0.08762263109005464,0.04217296845111498,0.020021917876066306,0.03606631926674559,0.06045192925642809,0.17622576346715876,,0.1863163630992571,,,0.18904584266816235,0.17571484395146816,,0.1998228421261894,0.11437599061563568,0.16740861987331382,,,,,0.14466302118933194,0.12750550742565456,0.1530447885872182,0.17108955831695818,,,,0.12705820884186284,0.19312407542183957,0.02838068907193929,0.013196702862383187,-0.027084904311314374,0.05943109944233102,0.10884604527189627,0.10731617268121008,0.0938913727120227,,0.14380728922217642,,,,,,,,0.18437352573901314,,,,,,,0.15227232823063552,0.1096052798270164,0.1695414620898561,0.17777424882826512,-0.04098774991521035,-0.04633479109412727,-0.006686056050922147,0.054736177688846054,0.09940465695779613
cocacola_urine,-0.04658616732841867,0.15527302387887285,0.003190709443145081,0.1417347725859032,0.1018552352821232,0.034730455169623864,0.0816544164450083,-0.04580987856207475,0.010750670053273082,0.1675061517682798,,,,,0.15274697906914014,0.13507930924261863,,,0.12345778134350603,,,,,,0.16077408799924836,0.14750274273159708,0.16008480453180568,0.1703122629562391,,,,0.08315804301355563,,0.083334141578376,0.0031907094431451034,0.017164090789265223,0.05382914974772237,0.09712096269139378,0.04338544664879841,0.05580906752721465,,0.13241954210290685,,,,,,,,,,,,,,,,0.1811860188868213,,,-0.041407217088295215,-0.06317948299703019,-0.04309888592590352,0.058247099821322174,0.12045624715068236
hypoglycemia,0.00435521504386672,0.16377424660550116,0.050049430858137824,0.12174910018117795,0.07088053236881735,0.05993050811922786,0.08441042096952202,-0.03719104878458473,0.023004491056782757,0.17863823589165637,,,,,,0.14970451120015,,,,0.16100918584676346,,,,,,0.13659054991604858,0.19734384037219668,,,,,0.15698945315684737,,0.1546840588486591,0.07753822294724512,0.11352881622550366,0.11723161184666733,0.1742066087527566,0.13163809170771137,0.09671086491849504,,0.19712611211127165,,,,,,,,0.1492787280170689,,,,,,,,,,,-0.07475984614535498,-0.07163208175199139,-0.0324517230029263,0.19188688921555394,0.18068363831436515
prostraction,0.0682350111983187,0.16143097650075022,0.0378599053573245,0.10821511999912545,0.07716261408330354,0.03815989374005043,0.05141965869452233,0.013248879860857937,0.009687081421713458,,,0.18406734698733548,,,0.1876590848375394,0.1388337395457079,,,0.18921931726433833,,,,,,,0.16695806581454695,,0.1841570257157302,,,,0.15597545075796523,,0.12079751753985736,0.09887879537471443,0.060963897725231884,0.14475304939420858,0.1321365487344901,0.13058569591603938,0.10471822519181474,,0.18207741604038408,,,,,,,,,,,,,,,,,,,-0.08239533877523642,-0.11737563776453024,-0.06949459340410488,0.09054029144826425,0.1163556640727378
hyperpyrexia,0.05304693464103062,0.05498677128042678,0.03525680771800392,0.05946494225549636,0.009082245694058941,-0.021892646012376164,0.049131877607583,-0.06697869393633714,0.01598670559266073,0.09233971723261306,0.18105451977131007,0.11602679747995127,0.16849334030699006,0.11166958038011172,0.1074387973446569,0.048095270320500705,,0.13488182315073902,0.028294269221071873,0.1572974179202639,0.1407925545818936,0.09052271496319626,0.16710746673424082,0.13219357853618063,0.0971198541041039,0.08526514201767378,0.07497648537210155,0.10347535009454169,0.11265219139649378,0.04772198928215507,0.061359816765985765,0.010760667998244305,0.07970590569395342,-0.05346500000662709,-0.09655635623299703,-0.1623193221853653,-0.07720361896035222,-0.06642731232754809,-0.060988750136217865,-0.036232620824600444,0.11693600852135783,-0.00945637556846974,0.18092212101168725,,,0.18437352573901314,,0.1492787280170689,,,,,,,,,,,,,0.10245241421009846,0.07086824548551628,0.042961478277776716,,
stiff_neck,0.08792264821557944,0.06839087347200624,0.07713686798885865,0.09445652425266762,0.0805229023390183,0.015541410902634811,0.03507627438395119,-0.08462441344784348,-0.07017334106779749,0.1260535004392156,0.19217597592209304,0.16781985716244185,0.166739654863123,0.1521319999510303,0.16287509976102915,0.13582724504689467,0.19949088290819098,0.17085464724514798,0.0766380595251023,0.1880846446829776,0.19563598270611315,0.09595838973281234,0.16956737558544444,0.16315168467918387,0.10817678336992974,0.1346317875515965,0.19493168973271954,0.07698249743397617,0.14980682720899466,0.13592983218730492,0.11727303901588895,0.12979933688753417,0.1814920669430484,0.04460792149229557,0.06031263054689556,-0.01382085444813376,0.03396012252025467,0.027437238888351284,0.034707571604207385,0.0018728279937046378,,0.07150852493399723,0.16304181203379647,,,,,,,,,,,,,,,,,,-0.01550606626498864,-0.052610030209446296,-0.0335645496858835,0.09375375935975024,0.12306226832881627
irritability,0.053278062315932705,0.06075442987841352,0.05688124013237035,0.11860086505973641,0.05468131520603277,0.03256729023454351,0.006666245944874651,-0.05677428273738359,-0.0309911276763277,0.09602977695862173,0.19533677528003476,0.15644043534436264,0.15839579865272116,,0.18203371855853606,0.12275801792024238,,,0.07275707832906468,,,0.17190409938168397,,0.14246953710748608,0.16098020786305708,0.09602977695862201,0.10653390945937402,0.14759600823616453,0.1582624381529919,0.12357540392440967,0.15031456121832426,0.08074018613113215,0.17001393687662664,-0.013458166998929816,-0.065069460037262,-0.0714356561389282,-0.052107793692760945,0.018821086377317105,0.07455929566413316,0.017913794146041398,,0.026660361675669497,0.19398276963931782,,,,,,,,,,,,,,,,,,-0.04225505096097607,-0.04986331686977672,-0.04079947059605174,0.1309644217188863,0.17892694823976224
confusion,0.018965122117308487,0.052336598060279634,0.05050348077527491,0.12303710076636529,0.0371069046418563,0.002151392399645282,-0.0016655291092659973,-0.023614538119602773,-0.04448212487460308,0.10793624172888105,0.19619586172313253,0.17752012418153518,0.17110757294584603,0.1305987617998615,0.19235091439859123,0.1040578421913466,,,0.07489599442379642,,0.19420051371693878,0.1499886868343289,,0.18477212116246974,0.13975219451352838,0.13073603942900605,0.18663320345571033,0.11706306575083797,0.1923143226455308,0.14493009063578421,0.14604040819044642,0.11606311252719818,0.17579617161266609,0.036926462790440095,0.005787186588525537,-0.0798141767623708,-0.01043295877829702,0.06594442263809235,0.04978636850691424,0.046257690655269676,0.1772823251859865,0.048909623004323576,0.18163084148524847,,,,,,,,,,,,,,,,,,0.017745607279931293,-0.02146172442075608,0.041487841227594906,0.1866954155476619,0.19452712766751334
tremor,0.04734217211145553,0.014045363542117141,0.06144127111173302,0.14317735270650178,0.06494458599076809,-0.03543352036223737,0.026050217929400307,-0.014935208236628849,0.008588866695925438,0.14562655752824277,,0.17675945625062214,0.17909689991158406,0.15709091674374415,0.15955629711858238,0.10736999555685371,,,0.11618088073531668,,,0.14219842277193037,,0.18556812904101241,0.15127017314351165,0.08788231963005587,0.16384701568823234,0.1405434303276153,0.17996265054019273,0.11478231338474973,0.13509238020515435,0.13653483146886516,0.14681165134741217,-0.0008312058421898339,-0.023497256525865623,-0.09217171726740515,-0.017845658096834367,0.036862674842069953,0.00019934469964687397,-0.019171217582934923,0.14839318665555146,0.007613411910593845,0.1564766190287913,,,,,,,,,,,,,,,,,,-0.0004551374041304622,-0.04640805115152509,0.0038939818653711813,0.14584314208230145,0.13283440785460357
paralysis,0.042100395005403315,0.03058592466440608,0.04963976220263783,0.06312870457461406,0.029711996901337016,0.002710696874811282,0.06473776688203774,-0.033258555593931025,-0.05293113611071516,0.12135157114465968,,0.19162117237282636,,0.12792777202077996,0.15802032850109307,0.14036113612923348,,,0.07981896535972696,,,0.13872772280063897,,0.15967476695272143,0.14649041117476258,0.11365344994239195,0.17761140640111805,0.1531173777556352,0.19019924750952388,0.11302266037230047,0.12792777202078004,0.09506457005590159,0.17422974098585606,0.013190568992304702,-0.04849726821346119,-0.0684642145210025,0.003052905319567804,0.028640698636663704,0.03486700293874946,0.007150869772769137,,0.0334569201259669,0.1552734011903469,,,,,,,,,,,,,,,,,,-0.048408602825125574,-0.04763532545944838,-0.050221743483040454,0.10718883842157076,0.13484767612731924
lymph_swells,0.02714750144480008,0.04079964153255839,0.06214217375254232,0.10161849333899757,0.06176712322302741,0.013082643307198364,0.014169998855675258,0.021334456325220255,-0.033719807065632344,0.08976700922184971,0.14423293509713153,0.16292157569332077,0.1463017076917468,0.1667259558236478,0.11218971205909321,0.11640044457592356,0.19989775789182385,,0.10949973499539571,0.179873772820812,0.17840594256757403,0.1331419550716524,0.1612621486567896,0.15166194210512757,0.13563809686818085,0.08161371072238295,0.139677063707448,0.10650281792433691,0.1070829662345587,0.09843907938578879,0.11702800735875328,0.1345641794115088,0.13543160610768523,-0.0006334804217978731,-0.03380217604119173,-0.05247577106301216,-0.03497971042232801,-0.03578396884584379,0.010797121283651677,-0.00833332545982464,0.16140342305289834,0.029790296911004505,0.19775892256885066,,,,,,,,,,,,,,,,,,-0.013086471085489933,-0.024321317963000296,0.018428086250238958,0.1251965265445164,0.10841176507143134
breathing_restriction,0.061182995415633844,0.06910311097997576,0.09957757962834396,0.08288835371702494,0.055925189079167485,0.05031091658642561,0.033638133361807154,0.02745613867744728,0.0012376252078377637,0.07946346907004491,0.15609495366732898,0.15217513997160403,0.1577408925647758,0.07520393497000168,0.15803004805731202,0.08640576953580076,0.19993231358760935,,0.12111402106068352,0.1819125003658157,,0.13786233092188538,,0.17284655815158895,0.17784412459813123,0.09067046540607553,0.10805270319388181,0.13688442552869654,,0.09666435392068128,0.15490078168660512,,,0.06742024574371921,0.0446280410728966,0.004112249297830797,0.08777007631718249,0.04895417021073343,0.08098339787658117,0.09517323071503353,0.1568062866441992,0.05004347054484507,0.16016706980009035,,,0.15227232823063552,,,,,,,,,,,,,,,0.032356654800662396,-0.005568083510524656,0.06360608176116583,,
toe_inflammation,0.09093534234043757,0.050102830714689794,0.0667259550968458,0.050508685603689304,0.03174736908379367,0.04082407063600359,0.03798392610407371,0.014879893560152013,-0.015927630793526017,0.1080910537732507,0.12556251434634286,0.12408684586137302,0.15996593512279308,0.05074977361423264,0.156785788096777,0.07706289559899009,,,0.12723431043072655,0.19116556605647328,,0.10974528865532997,,0.1742118030980509,0.14139557234621103,0.06901134269286809,0.09568286481468924,0.10864685285936723,,0.06305384489217837,0.15000313445866534,0.14164083237267136,0.1873192138618674,0.010179890760557388,-0.02908080821239458,-0.018570249656726476,-0.010851416352581912,0.01733787040000228,0.006866970242473845,0.04558075761500316,0.12934607373409807,0.012453881713190701,0.09473236665856655,0.1829990935420379,0.198015268706014,0.1096052798270164,0.1811860188868213,,,,,,,,,,,,,,0.13676286453505915,0.06843691928985637,0.1182082140795782,,
finger_inflammation,0.058098317871087095,0.09220123450707222,0.08224361185494708,0.07626831382683065,0.05944349300163741,0.021066473334124054,0.05065956319582287,0.04521948206949892,0.007054376132829593,0.10884796469536272,0.1713428626955758,0.12519556480672173,0.15255084084221032,0.11781456259224211,0.1768568957043531,0.10549479383954793,,,0.17124696971759296,,,0.14675634546547706,,0.19991827068864143,0.18039484909833411,0.14105590737377552,0.12613924714048852,0.14572588697415714,,0.09266219124990774,0.16144158668689434,0.17842460873460075,,0.07257062062923875,0.050659563195822835,0.014369060591376593,0.08138668544853324,0.05313870942792883,0.06278431707953232,0.07858782556692286,0.15157790506171828,0.043650033962784635,0.12698231120770967,,,0.1695414620898561,,,,,,,,,,,,,,,0.034320024737434236,0.013725200821080847,0.06571268865650078,,
lips_irritation,0.06008150571498819,0.06890399888603337,0.12255894049900123,0.06536772404367827,0.0784009808385448,0.019696631373246544,0.040939563663683835,0.015556384217621884,0.007324510025216699,0.1100435314813498,0.16009165490751123,0.1367052703233606,0.19511698245621195,0.06721392072347099,0.1675517813969111,0.1282156812920969,,,0.16060529729410625,0.18079537136830043,,0.16005573386766522,,0.1677264464350705,0.14752277797500213,0.07883166597293269,0.10632816721313455,0.16971813924979792,0.18879176455826746,0.10435450418091456,0.14120006255186457,0.1703416517735396,0.18256723124990085,0.041817570240306266,0.020534719454854463,-0.013149458286616634,0.050261931793971724,0.031954683968417476,0.0310893583455182,0.07867474381726074,0.16262466104431839,0.0412526626964431,0.1618485174596126,0.18494728056685616,,0.17777424882826512,,,,,,,,,,,,,,,0.06675581236831184,0.019409666197002993,0.055584751744602125,,
itchiness,0.021398467430946838,,-0.09469345824452875,-0.0637078876565388,-0.16604015504759778,-0.11308854034988405,-0.09469345824452892,-0.09546212335581111,-0.1425323005081178,-0.14895133188513576,-0.06302683687708548,-0.15822600018666685,-0.11094855037497074,-0.1330689709758813,-0.10754299164674323,-0.13981694959161864,-0.15237312394670022,-0.13192478906688754,-0.13867365769564555,-0.10182272085750652,-0.15321661562177014,-0.187010126879491,-0.14326820634511922,-0.16314886915053212,-0.19789606803663867,,,-0.16322778311933156,-0.13553311322432213,,-0.17385263773500548,-0.14087455057641898,,,,,,,,,-0.11211168085169143,,-0.1185512543765585,-0.04774482153695201,-0.07177313425591741,-0.04098774991521035,-0.041407217088295215,-0.07475984614535498,-0.08239533877523642,0.10245241421009846,-0.01550606626498864,-0.04225505096097607,0.017745607279931293,-0.0004551374041304622,-0.048408602825125574,-0.013086471085489933,0.032356654800662396,0.13676286453505915,0.034320024737434236,0.06675581236831184,,,,0.18664976436946706,0.17162520822709007
ulcers,0.009625287101711665,,-0.10421106068423205,-0.12025751643521353,-0.17535165783759415,-0.13536953442290575,-0.1365788673415641,-0.12170977659792802,-0.15924491208065286,-0.1552901571915782,-0.09978033263895131,-0.14875237425340324,-0.11724052071849037,-0.1072129934324355,-0.13283194126446318,-0.1548691363778991,-0.19150214203749127,-0.15643631412916056,-0.13717756850321564,-0.12826714191433564,,-0.15513422843968733,-0.14445132929487048,-0.17957831619140208,,,,-0.17323905505860338,-0.1605521889699818,,-0.18266049146501526,-0.17826981268413594,,,,,,,,,-0.11835114615238346,,-0.09729511895663323,-0.1085712757724691,-0.0970056850563502,-0.04633479109412727,-0.06317948299703019,-0.07163208175199139,-0.11737563776453024,0.07086824548551628,-0.052610030209446296,-0.04986331686977672,-0.02146172442075608,-0.04640805115152509,-0.04763532545944838,-0.024321317963000296,-0.005568083510524656,0.06843691928985637,0.013725200821080847,0.019409666197002993,,,,0.10623270785080013,0.11188571025390054
toenail_loss,0.006626996740222982,,-0.0795756879314355,-0.08735417904007299,-0.1590091536789289,-0.12517645604661223,-0.10436711479726614,-0.139143498470451,-0.1425603320166271,-0.15056643105702155,-0.0853527123970213,-0.11883164947064843,-0.0783657636212402,-0.12829533608881963,-0.1122357853880372,-0.1590451686886452,-0.19579531113846954,-0.11866162914410815,-0.14951830635348698,-0.10801494185076628,-0.17937602645354242,-0.16995825130527353,-0.1417423568263887,-0.1677156006207807,,,,-0.12747765647412357,-0.14016008771003602,,-0.16253971650025736,-0.14162562736006842,-0.19089540264829402,,,,,,,,-0.10494880054865419,,-0.11862514887674902,-0.06083342684924908,-0.06829974512696277,-0.006686056050922147,-0.04309888592590352,-0.0324517230029263,-0.06949459340410488,0.042961478277776716,-0.0335645496858835,-0.04079947059605174,0.041487841227594906,0.0038939818653711813,-0.050221743483040454,0.018428086250238958,0.06360608176116583,0.1182082140795782,0.06571268865650078,0.055584751744602125,,,,,
speech_problem,0.001953213328154099,0.05451375830377028,0.09062801341223028,0.07082376443718855,0.044285800360854284,0.01744495256383912,0.0906280134122303,0.029705709543898937,-0.003564521883349457,0.01668983536255607,0.11353911676788643,0.019961072949166974,0.13864433948740765,0.06150412183160098,0.1379343787510026,0.053925770475033365,0.11293712844943501,0.14518430607285385,0.07094567115650952,0.12933577153486286,0.0945595377172332,0.08934217713255271,0.14140672743275906,0.0916288059698372,0.024839574579500746,0.06571911625449718,0.020509522035131383,0.05495751273453145,0.08116421626340277,0.013449367448669964,0.04490106183353232,0.0674693054915751,0.05507603387440621,0.04308238103588553,-0.021557588983249363,-0.021184337543401002,-0.054116680500727085,0.014986617389583654,-0.017444952563839097,-0.01743120035755608,0.055653195947645354,-0.004986709202546425,0.020477577255734288,0.0833841508059922,0.14851994771395002,0.054736177688846054,0.058247099821322174,0.19188688921555394,0.09054029144826425,,0.09375375935975024,0.1309644217188863,0.1866954155476619,0.14584314208230145,0.10718883842157076,0.1251965265445164,,,,,0.18664976436946706,0.10623270785080013,,,
bullseye_rash,0.007583481269715127,0.031317297170608625,0.08358760759684548,0.06353115344638058,0.05320045486320505,0.05886761711017717,0.08358760759684553,0.02118547991629565,-0.01198623766415366,0.05696754462404855,0.07253330220127026,-0.006735023467634911,0.09742330427302938,0.03503135387154065,0.09516278175655783,0.07825266476267172,0.13863425952486064,0.12048181894291042,0.09563555377154401,0.12033888098158013,0.1022524247706141,0.09706795113948752,0.09834958155795231,0.06604515701352558,0.04874509702941569,0.05696754462404849,0.027339002057436418,0.06195454031820021,0.08895273683006688,0.0037412909118252425,0.0689589801553476,0.09201351254162767,0.07941447695183003,0.0677421236925463,-0.014660835580161572,0.0016667776106858395,-0.031536193892341025,-0.025758706833384187,0.006341008501879632,0.02222179881136295,0.04634205130903579,-0.05495941409854019,0.04501426103438708,0.08977925635650748,0.15615265279693688,0.09940465695779613,0.12045624715068236,0.18068363831436515,0.1163556640727378,,0.12306226832881627,0.17892694823976224,0.19452712766751334,0.13283440785460357,0.13484767612731924,0.10841176507143134,,,,,0.17162520822709007,0.11188571025390054,,,
